{
  "num_captures": 50,
  "steps": [
    0,
    10,
    20,
    30,
    40,
    50,
    60,
    70,
    80,
    90,
    100,
    110,
    120,
    130,
    140,
    150,
    160,
    170,
    180,
    190,
    200,
    210,
    220,
    230,
    240,
    250,
    260,
    270,
    280,
    290,
    300,
    310,
    320,
    330,
    340,
    350,
    360,
    370,
    380,
    390,
    400,
    410,
    420,
    430,
    440,
    450,
    460,
    470,
    480,
    490
  ],
  "mean_gram_error_before_ns": 0.9377753067016602,
  "mean_gram_error_after_ns": 0.35897947490215304,
  "mean_condition_before": 1.9322364377975463,
  "mean_condition_after": 1.5721398758888245,
  "improvement_ratio": 2.6123361112042915
}